,foto_recente,fotos_tatuagens
1,https://drive.google.com/open?id=1_KcAyEB2pc7UMkxnr9UXPAq1kwRAD872,"https://drive.google.com/open?id=1-_qEifQW0BVHnHunzKq6O3tM4HE8OSei, https://drive.google.com/open?id=1P3ZNzJoVc0eFZR_W3Q53cs2B9CDrvlTv, https://drive.google.com/open?id=1TqKg-xUIEOdcXdJInC918gaCKW_ywR6n, https://drive.google.com/open?id=1Sv3UpoR-wLE2Pd_sW3wmpsFMeQOkFNci, https://drive.google.com/open?id=1k2PfvPL1mSsxxy6WPqnqvWU6ToQ3vezt, https://drive.google.com/open?id=1j7kDc_u4OnufsGw4sdWLZAcr7dUhXytd, https://drive.google.com/open?id=1gKaKxCmaEWSMzxldupv4E4GI26rFkElN, https://drive.google.com/open?id=1sS1pVNu6-L5F-05pgvPx8BWydEA3GHEZ, https://drive.google.com/open?id=1RcU4zTw-e_wPgtMxhmByFpxBbdenl33q, https://drive.google.com/open?id=1hS9_01s84x6X8_Ej3qOwzLl40wdBkSG2"
2,quinzinho - Thais Lima.jpg,cicatriz - Thais Lima.jpg
3,https://drive.google.com/open?id=1iSR7mQPMKSBkZUpaJpDoJlT00TtTVxzq,
4,https://drive.google.com/open?id=1RD6PwugnwRo9YlXfFz2BDvErJfVnIyNB,
5,https://drive.google.com/open?id=1ZhY_gzeO0EEqNePElVjavhxrMkwA_tqk,
6,https://drive.google.com/open?id=1xdrDMTiUfX0nNH9ptUA5B_y5es4J-pYW,
7,https://drive.google.com/open?id=1UE_gmhP4Iz_e0hfrzoSTdlFvb4xknMOF,
8,https://drive.google.com/open?id=1bWx0IFE8MfW71rna0BhJXumC_tMmmMHX,
9,,
10,https://drive.google.com/open?id=1_vuvVnqmmRkMESU588YT6FUE5QM_t56U,
11,https://drive.google.com/open?id=1-v_OZBRyC46Grt3DebztqTjYjwlcZWxO,
12,https://drive.google.com/open?id=1dSGW7YkTGzZCZlTTdvljajbuW1wXqBIr,
13,https://drive.google.com/open?id=1R76_Kpd0HFiWS4ziCGkPGD8pWkjLANEn,Screenshot_20240327_140142_Drive - Felipe Barbosa.jpg
14,https://drive.google.com/open?id=1VniEiPn18lEH5yPOq7tHOl_L9a6Z8SCZ,
15,https://drive.google.com/open?id=1yCSds9LyZZ-y8Ek75qqGLRkNXYNj3uua,https://drive.google.com/open?id=1uJGQkCbxbR-R2YcMpjpfuEAMhDoTnJx0
16,https://drive.google.com/open?id=1dwCUtgJ39RyFE5bCHKuHP8zIzY4BvaqK,
17,https://drive.google.com/open?id=1DOY7mDqwkiRUmC3OlyPCgcfX--BQyA2v,https://drive.google.com/open?id=1YAikXoMm-k4NNBx1oca8dUEndTpiYnN2
18,https://drive.google.com/open?id=1M0DdnHpCePaFEnx05ntZO1eCH9uWP6tL,
19,https://drive.google.com/open?id=1Bz2HmyJES7uJpJglCUa-r7u5GZ0DjiOo,
20,https://drive.google.com/open?id=1w8jyL3fmdoRCIKhjbOXUO837k9iqfB7j,https://drive.google.com/open?id=1crT7Vk2cizaaim70lvk65ecTTFVxjATz
21,https://drive.google.com/open?id=1HnH_B4ph055CyCvZxEiimnKYiukwwI4j,
22,https://drive.google.com/open?id=1jBxXGnf7RJ76NrTrzyHmzSjhqDfmtVFB,
23,https://drive.google.com/open?id=1JONKtmP8EeKEPE4DRPB_pT5VPxUjFRYF,
24,https://drive.google.com/open?id=166TCXy6qgh4-rJlqkcO5qmV1jqrMMOdW,https://drive.google.com/open?id=1vOGg-_B-B9LNuwlRicKrGaRAJ-IBPX18
25,https://drive.google.com/open?id=1-jShqgiUTH8XRi5ckkuirT-JoKteOOV5,
26,https://drive.google.com/open?id=1TGOdSKQ0M-928Ea6nSoIKWWa2Ep_pFYO,
27,https://drive.google.com/open?id=1cbeoc_IVoWLoCNjyvQXnq2Q35LzD61RM,
28,https://drive.google.com/open?id=1aq-dJ2CNGaDkVp6BndSz89aswyXSjyvQ,
29,https://drive.google.com/open?id=1P8Gt5uxDgzx5zf6ecJ6Mn3PpabRXxyS8,
30,https://drive.google.com/open?id=1SKbEvetHWoU8EYK550KGzSlZcejxldgJ,
31,https://drive.google.com/open?id=1M37oArI8bMZnaQbLW2wB1-vT1jTauCvb,
32,https://drive.google.com/open?id=1mq72ITAJciX8gBVHeXpzPu0t0zyr6zek,
33,https://drive.google.com/open?id=1kX7ia7RJIZ26QV4xtD6fdAVjXw86yRH6,
34,https://drive.google.com/open?id=1-i2rMH3HjRYuNysSOQMqXBLCqftHrXlc,
35,https://drive.google.com/open?id=17kSohUB1psMPdV6N04vEHmQEX5PDb5bh,
36,https://drive.google.com/open?id=16gHGSDndSQAtaDeFeC4atH4WzijFkL_3,
37,https://drive.google.com/open?id=1UGssGVhIvEDVf1e6fn3uCBEF-6Z6qHdm,
38,https://drive.google.com/open?id=18_Oat9QRS-d5ytoNJPPlnZch4bU9Hfa6,
39,https://drive.google.com/open?id=1Np3fge0KZyZiTF9TILqT-Ixn4kWXXhQm,
40,https://drive.google.com/open?id=1SxzbSquB0qvneoinCKzGLQP9W6evpc9b,
41,https://drive.google.com/open?id=13vZ1V-qoSiVcRYJyjqJNagZ4r2T8Qs8t,
42,https://drive.google.com/open?id=1bd0GF8KlyCLL_o9H0feyqb0WIf05qQED,
43,https://drive.google.com/open?id=1nxz29iDkVReCR0lW1Qt7CxDs5CsoJWTq,
44,https://drive.google.com/open?id=1_FBq0iAkptgZlbCuBE2rQaIsU_Sm819X,
45,https://drive.google.com/open?id=1_aRBMFZakTqDA3jtcmZNSLug9U4lHZSR,
46,https://drive.google.com/open?id=1u1v0S0BnhuoshgnADfLJiBCeZ8sRO68-,
47,https://drive.google.com/open?id=12UpcMEawmfZbUpdvHa7vImes_gtzN20d,https://drive.google.com/open?id=1IJve8A4M0I9x6gUn7kXkjkJY3YqjSObT
48,https://drive.google.com/open?id=1g0S10UQi_Qt_baaT35xQI0WKE_cEyHQq,"https://drive.google.com/open?id=1c6pyuU5-tctm9j8Tn5MCtG01sIOvR8Jt, https://drive.google.com/open?id=1s6lHKDntcgJP2hnxKWSqkdiPNlGcprVC"
49,https://drive.google.com/open?id=12zeHo0wv1akin9Ywc23jjcxa6T0yrhZP,
50,https://drive.google.com/open?id=1FLl7sMa5oVDzILhQ-I0n93zZ8SM5bC5q,https://drive.google.com/open?id=1oPZXxvz4AgRzYODcLzio8GhBNTqC-d7o
51,https://drive.google.com/open?id=1XYw_jgLkKsnGRFW-6D0LD5BVzJdtLNx6,
52,https://drive.google.com/open?id=1hqbnI7vAcM1DwmRvaS-VbMb_4_P7_Ziw,
53,https://drive.google.com/open?id=1OnqMqG2QKkK8NhZ1PL1Za1YJ6LfJEhO1,
54,https://drive.google.com/open?id=1ruZkCNPb6QQVRbV_ZsHtFM2fLHkvvRr1,
55,https://drive.google.com/open?id=1hbnxL0hBcy0KBuCma4hUmzksrDM7l0yD,
56,https://drive.google.com/open?id=1YvMSuxav1e329Ro1DIcLyKvwxlt5uIw7,
57,https://drive.google.com/open?id=1Hym_Vd0E1oNPNdV5IbOQ1LcD4lu6V7q6,
58,https://drive.google.com/open?id=1Yu2xotTXbCJ7DMa8vi-DGlbGcQKI3Lgz,
59,https://drive.google.com/open?id=19Tfu2jPfeMfLX2UtZAjg16GitEiDOSv4,https://drive.google.com/open?id=1dZy9jg1BrgF6LhSibJCk7TomgZtEGU6M
60,https://drive.google.com/open?id=16VMEchOSCIh3BTvnif9sevzCdIzlkyeD,
61,https://drive.google.com/open?id=1LPRpE7PuP9yG-P5WP1eg68vy-OWKwLVF,
62,https://drive.google.com/open?id=1iLFD6FMe4a0-Alg1_0EKLzXrpW1zYIIE,
63,https://drive.google.com/open?id=1PUUBkKBBfVj42Fuez6XtEd64QKhqPUcX,
64,https://drive.google.com/open?id=1vWR3QRgjsQ8EjPOcc-VdQWTJxk5fousz,https://drive.google.com/open?id=11C6u7hLF6sKjFJWpok2yVzNjKha6SfhM
65,https://drive.google.com/open?id=13zss2wOQQUlf8_3ofcugADvwWJ0qmBHJ,
66,https://drive.google.com/open?id=1SiOKB9rl7VJ7r-51Mnqj46HHWbgHf17r,
67,https://drive.google.com/open?id=1cvnwoL141fXBRDWLwKf2fOuDBOk9leJg,
68,https://drive.google.com/open?id=1suVaZVAx0KqInctEbKjYZz4kq1b-oeQK,
69,https://drive.google.com/open?id=15w8AEsflHQSEa-9krVS21JzGIEJMJz7Z,
70,https://drive.google.com/open?id=1frCGP8k0NlJU8vCYXjO9d2c1CObBVPjX,
71,https://drive.google.com/open?id=1KiwGtstid8ZJf78PchZ1AszTHMJLFjCw,
72,https://drive.google.com/open?id=1RrYmojO3ixvWqht4B5zOroPiixvGNYRS,
73,https://drive.google.com/open?id=1MzPCvh3LkKkQaD-b8FCblABPORvfmehT,
74,https://drive.google.com/open?id=1unYNw6hQSD2BFPV6hCHfzmGzIhWc2GhV,
75,https://drive.google.com/open?id=1DwWuDnxHmVPeu3A8EgJpt92dzAfWru59,
76,https://drive.google.com/open?id=1Xge8CNvzTWOlNsDwQgSnDpJiPlC7H-Xt,
77,https://drive.google.com/open?id=1kjyfEK9_kanrkcuymnQc-5xqDTXMEIl4,
78,https://drive.google.com/open?id=1zxiubvYzXEXJaT2HZEc0e9E7ZiE3SJUb,
79,https://drive.google.com/open?id=1ScAN9BeYY0AoiA2KaeM-SLWRe3pbq-CQ,
80,https://drive.google.com/open?id=1S-fv5i408Hu7iK9T2oMGWs3nxnLSQVDk,
81,https://drive.google.com/open?id=1aqjp32HxDsj6YEy27RLxkrkcNXmhECNF,
82,"https://drive.google.com/open?id=1a-cOkhXl6wkP0lb2uqFbuHVRV1N8AMNr, https://drive.google.com/open?id=1vEU1vR5EvPNj2ptqtbQG1PeDGRYauOoL",
83,https://drive.google.com/open?id=1cguW2CKxBs2aj00JeWOwBBp6h7EVQHEA,
84,https://drive.google.com/open?id=1ShKzTf-rRXkI8ADv7NfHcuFba5BLhMl8,
85,https://drive.google.com/open?id=1LwGV3S-Ds434W4eCFZ2CVbexkB1mmWmW,
86,https://drive.google.com/open?id=1pjlOnmVcyNBtT9viHfexL4dO7HcYBPNt,
87,https://drive.google.com/open?id=1PgPWnG9BK0oNcxlcZF5ZF3x7lH9mD2GY,
88,https://drive.google.com/open?id=10BwdWjyMRYnddqQfMo7MB8sXPxoOueds,
89,https://drive.google.com/open?id=1JGjaFw1ZaDErXGNob8zjwx2AZjiTwAe3,
90,https://drive.google.com/open?id=1Wjturi6_PEGchUD4YB0_vjbi-R4B1D4g,"https://drive.google.com/open?id=1MznEr31aMOXhB3TM5O5ebJe9ngZlkoBi, https://drive.google.com/open?id=1nX975DGV_01GAa7h3HIP7jl0Je68SPkN, https://drive.google.com/open?id=1Seujvt_7It4pqzQrdGtGUs6LnLhA7CLM"
91,https://drive.google.com/open?id=1kAZOhW0ydxN4L7l_JkfGZaE8yBO774kT,
92,https://drive.google.com/open?id=1oJWr8q_-AuGSC5JfmiAgaaTF6Tvqxf8p,https://drive.google.com/open?id=17NM4l3NRxugqElsFUnGTRhvHp-LL50In
93,https://drive.google.com/open?id=1PZDctuFH3wvZUHrY1xJLnA4A_-0DabNr,
94,https://drive.google.com/open?id=1WlOUC6sisGQ3QZz_-pZNYIRRvWZwTksS,
95,https://drive.google.com/open?id=1RTqIs_HOXNyy3WAAqLU2vSZOpWEJAu4h,
96,https://drive.google.com/open?id=1jaiJ5uBrlMTdjw1Y5H5BGNBYd4-uJbxr,
97,https://drive.google.com/open?id=1bvwyvAyrdFhCftDXgJWU9glx0Z5K_dIs,https://drive.google.com/open?id=1A9AQMTaAGbtyEkkRcR57P2y52_wVomdC
98,https://drive.google.com/open?id=1UsqCQ8eC8zJvjxC6DJLl-k1JslGnRm_s,
99,https://drive.google.com/open?id=10YkgY3vXDcsbSmui8tTTyfnqz6xgD7lT,
100,https://drive.google.com/open?id=1-GuWUaDasaoaKyoqWOJrua7McA16ZWUc,
101,https://drive.google.com/open?id=1RDpwP6EgPLLP_stDLoNM8EI-ePNE-Wyo,
102,https://drive.google.com/open?id=1hes3MQtJKwkogLZrE987MyGTLDk0Wsl5,
103,https://drive.google.com/open?id=19VEdwMVWUBGesiBx9VfYbyY62TzOT8Sy,
104,https://drive.google.com/open?id=1SzzJYl6PJ2FTNPw0Km4KcncASXatZv32,
105,https://drive.google.com/open?id=11n-XDmQOVkjL-dddRkg_1ycyj0pl6_9X,
106,https://drive.google.com/open?id=1x8KTN8rOYiL-hibk7QfK0-qPIaQ874U9,
107,https://drive.google.com/open?id=1oYa1puSsS05ZUha4yFJvzVtz4AjmDiGd,
108,https://drive.google.com/open?id=1tWBZ7rguaOxfX-Z4O_5SLh8cx9AZBkfi,
109,https://drive.google.com/open?id=1yXn4sgHws05bdbSHqD40DbGfPNf7rFnr,
110,https://drive.google.com/open?id=1--ZHODXC8P130ZiQcj40cH3r4SfJ3X0e,
111,https://drive.google.com/open?id=1OmJUHvu0BMow1QCbKTnNuwhqfAHhEQuj,
112,https://drive.google.com/open?id=1QdqqSczZbbUIlmfoO26y_d9L9y8rXoso,https://drive.google.com/open?id=1ZoTr0SrN10qZVT7fWPRplO3Kr1OcgY_c
113,https://drive.google.com/open?id=1rO3pgE4gOcY0RzwMMWASiEFKrknD96NW,
114,https://drive.google.com/open?id=1v7FWMbk2eRRbsEOik6S_HY1szKOg19X2,
115,https://drive.google.com/open?id=1MOqiJ3xFS9ALS5PPFq3WoGS6mDxWGwLy,
116,https://drive.google.com/open?id=1dsOgRMDIPzKt69qoGG2FOURU-roa84qq,
117,https://drive.google.com/open?id=19b3D3RwaBQjqsFxd4uKihhCKijPQggIN,
118,https://drive.google.com/open?id=1zFQTC0uT87PE6-DURcNr9biOjpvTzYwy,
119,https://drive.google.com/open?id=1jzF97JYzV0ulW4rtNVhSVxshqW3DvK38,
120,https://drive.google.com/open?id=1doftItuIAtt_BPgyDPVphcRH_ntv65eS,
121,https://drive.google.com/open?id=1useZzd6OH9EDt_tsUKH1-tQDvKnV2Zvy,"https://drive.google.com/open?id=1jsmtDnGpx9KTBIymbjLP2HjNDaWaK5J3, https://drive.google.com/open?id=12c9Le85Y78cc38P2LE9pVRah0bdtSC14"
122,https://drive.google.com/open?id=1Akhqy81HG8CHakTDfpR60K0IZpvn3cnN,https://drive.google.com/open?id=1t7tgx_2rKkmwFeUVRGeH1z2YlAtiYmoQ
123,https://drive.google.com/open?id=1sgjeiceK2UPQUCT32Rqo_L3EGfIwN2Ts,
124,https://drive.google.com/open?id=1ObIR9QrG97xP52zSy2gkzsvM1vKbjM6j,
125,https://drive.google.com/open?id=1fAHB8y8yvaiFNZMj0Dr-cUXTytZnzNxh,
126,https://drive.google.com/open?id=1OgvL8negLk0dpyN8RYqj9uJ_vAWtB_3_,
127,https://drive.google.com/open?id=1EjA-WRcqE-ZxKcEktoYkMwnCqG6Oyxn3,
128,https://drive.google.com/open?id=1kph2Hfd1r1Nl55JkkeCl-h6pxZ7TqBrQ,
129,,
130,https://drive.google.com/open?id=1knKWTbu4tCn6X3KrBxTFmj0-58jz12eO,
131,https://drive.google.com/open?id=1PmjnyAvma44Dfd5U1bx_NxPqgF4BoTKr,
132,https://drive.google.com/open?id=1K0wcUKHelghwxSg9FBphvmHhZ3PI7ZZG,
133,https://drive.google.com/open?id=1_3w7unB1cm7Cm9gob3YsXdck2O84pTHZ,
134,https://drive.google.com/open?id=1r4mekDolHF622xe4blfuUEJhjYDjVBVv,
135,https://drive.google.com/open?id=1XS56OXeRVFd3vZDuoxfbfoKQCdJOXBLv,
136,https://drive.google.com/open?id=15s2dKCWQrujW41liaf7z06M1HbK5hxsu,
137,https://drive.google.com/open?id=1y5zL7t4K1NIvsdH5wCYnQXSe7oqtnmpK,
138,https://drive.google.com/open?id=1dhuHi8eILJE6G07QrXDLtmZA7HBzKyrQ,
139,https://drive.google.com/open?id=1O-eJovyZTgPsKgbMAbrvA-VfjMgT2Kdl,
140,https://drive.google.com/open?id=1GGfHPIYpUfmEkyasE6guoktEMRUsH8Kj,
141,https://drive.google.com/open?id=1HQ06k5mDFV1xAKAVvmUSvRuNmQYZQb9F,
142,https://drive.google.com/open?id=1Nt6sPbCcAxVtLjvmnzxgb7XJBgbwS00u,
143,https://drive.google.com/open?id=1KXxD0zL18RZ4ZIPivBy4a3PFJK2Lx0Jx,
144,https://drive.google.com/open?id=1N26AIg6W_ZO4NTifUnmC0vV9L3pJpVXe,
145,https://drive.google.com/open?id=1NCJwpXDHYh_oNbf-aan7UIfIac6gUaqH,
146,https://drive.google.com/open?id=1XT83H3r4LczfLMj8x2XU98z5Tzpipn5G,
147,https://drive.google.com/open?id=1YF9c0iy34CYtmCjgWQ30766llTDnrV1q,
148,https://drive.google.com/open?id=1BikvnfKTXTMHmkM_k6qrFFlg-IEs6leP,
149,https://drive.google.com/open?id=1E0fzerX0B6xvySe5BpVBoT7iLoJ3GBFc,
150,https://drive.google.com/open?id=1dUBADZ-FBJPyehlUBVMPR13v5JdVKwkr,
151,https://drive.google.com/open?id=1Zcwv1aevDWDXqZ_OAOg1_JoCBlMwZePZ,
152,https://drive.google.com/open?id=136-1IkzoAUHTBethh17GZkWOcC8gfdYK,
153,https://drive.google.com/open?id=15yvyQ7KEZbwEHfuGyOkcOsGYR_UHqFal,
154,https://drive.google.com/open?id=1CWP_T8FcLY-otYHQMolVSAfmawb3H1qP,
155,https://drive.google.com/open?id=1PIuJoGxODrFmAWz5p44dqAsVDO0P7WSP,
156,https://drive.google.com/open?id=1-g_xdQlBaQQEmcJycCWRk4KN3vSF8IHE,
157,https://drive.google.com/open?id=1bVzSEsBQIgV_2ZD1kxVPs-gRtRnx3NHE,
158,https://drive.google.com/open?id=1R-D2DhH3nV4nmm-p684CdkHWLS4OERzG,
159,https://drive.google.com/open?id=1shZcOoiIb_zzq1JKV1aJocv3omkQQSx7,
160,"https://drive.google.com/open?id=1VccaPv-HrXgGnZYHDzg3ejMcC7OhFBFk, https://drive.google.com/open?id=17ZH_A_5FNhC9bu_2EaFH9aJK-2VYze61",
161,https://drive.google.com/open?id=1BmIr7AkUEwQRgH3nVNGDnQgZltCIPCrg,
162,"https://drive.google.com/open?id=1U8iHXZdxIMDgzLE2WKJdTCF1NxYDV4-p, https://drive.google.com/open?id=1G576OQWK_JaS-9XOy--Q24fSh2D2hY0W",
163,https://drive.google.com/open?id=17MkCFymlnI0HSCTiAAGbpIEE_x4bWhmb,
164,https://drive.google.com/open?id=1MSzmCR4lkm19A37if4fK2KhH5V6q5VP_,
165,https://drive.google.com/open?id=1RHUvRALasaMnrSYAoHhu2WKAHD1m4zJw,"https://drive.google.com/open?id=1ZhIhvSPbf-kDRJ7EAHnuh9sztc8vSlnj, https://drive.google.com/open?id=1uRVs6Xh1G9VcnWGKN1NM9s-n1NsBUjYF, https://drive.google.com/open?id=1V51uvR16jJ3NOp7V3pCUH6wwetlDXJoF, https://drive.google.com/open?id=1I_PKnOriv_k-voFApmRgLh1Mzz7UHNXM, https://drive.google.com/open?id=1ejd8SKZ2TAlVLx-MgBwFnkr3raiciciG, https://drive.google.com/open?id=18EWVMInNz_wDoWZig801gJx5s8dwvvR7"
166,https://drive.google.com/open?id=1MlWjRFdnc2IKbYi4lRk9riUNDRkn-0vU,
167,https://drive.google.com/open?id=15BqX9skN2eSf3yhdTVZYrK6IPCBkwryi,
168,https://drive.google.com/open?id=10FqKiAd2T0kNixaPfmpUTsYpwQ3tr9hk,
169,https://drive.google.com/open?id=1U9cmNeBaX4OYXdCidBI1NNfgc_ZbhWJz,
170,https://drive.google.com/open?id=1XvvfofkZ_uh0NLF3BxqWlMLCEjlaCYWQ,
171,https://drive.google.com/open?id=1ocOnh59bQOS2tGNrFeWh0XyeEwYdvyoe,
172,https://drive.google.com/open?id=191wEz0h5VHpWzAJJ569S6DZ7KMs1xU2_,
173,https://drive.google.com/open?id=1c59l2cK6_Yn3hGpUMcaNyHaSzVruTdKO,
174,https://drive.google.com/open?id=17H06axdtLRLuxykHwovO_C1o-XWjrZMu,
175,https://drive.google.com/open?id=152a-Tkr9lIDNU4HeV40hpI-QsME9FRuO,
176,https://drive.google.com/open?id=1o6CeuWUzWUEg3VDUhxtfL_2Y8OgxODD3,
177,https://drive.google.com/open?id=1hpPeUkjCvSuojjPZKmPILa-7jw6fJUef,
178,https://drive.google.com/open?id=1pa1Pr__z7USJbfkUgtEMRUxkrGgza6He,
179,https://drive.google.com/open?id=1F_ACFMx6xQrTSLAg0ZYPlLHYJS8mb3Wn,
180,https://drive.google.com/open?id=1WjoscAGrimlJryGynjbov5iiQwOXPydu,
181,,
182,https://drive.google.com/open?id=1f64BHOQqAwzPHO1JGI-ChBOZqPIUbAyE,
183,https://drive.google.com/open?id=1TjNnXSbRP-5VhGjFadDWdnJffFw97WAL,
184,https://drive.google.com/open?id=1TM24uofwIEolpP59fO_NRHL1q3GsPBLx,
185,https://drive.google.com/open?id=1EbBmoH3OBCvx7N7W5m4hKHAm2GfdBntE,
186,https://drive.google.com/open?id=1RTH10Y1RsEME8fyrstFVdltKxUGk2CSF,
187,https://drive.google.com/open?id=17WGsH51uNgAffoXPXQIP_eW6XqpC-jqA,
188,https://drive.google.com/open?id=15lLx1n9pQTF1Xif3WpIqFHi7-HrCNOiF,
189,https://drive.google.com/open?id=1MmBtIS02tKYpZL2Prx6mFbJKRqbxXeVG,
190,https://drive.google.com/open?id=1x3tZwTdxO1wTm2eeEHj2Xf-FuM-d9K_p,
191,https://drive.google.com/open?id=1AHIF5-CP8nPbfmS7PSU4MgH5vQF3ywM4,
192,https://drive.google.com/open?id=11Vrz5yKUe_vydVe3o66CqgeqXqzRergq,
193,https://drive.google.com/open?id=12cgvRikIx8uMDlRuYO202y0OK3KktCxn,
194,https://drive.google.com/open?id=1_Z16uzv7JwdJfoYOvei_G_BfW71EfqMA,
195,https://drive.google.com/open?id=1Cna2p193DHZjxKOKXYEQ761gyAR-SKXc,
196,https://drive.google.com/open?id=1pyygOhCNu2xy9m-0-FqsTIKmBuL1uWYg,
197,https://drive.google.com/open?id=1yj-N1bQhbhd_app44F2dB-IFlqAztXRl,
198,https://drive.google.com/open?id=1zPqp1E0dGOLf7LVOuYQNstFF8yANCNsl,
199,https://drive.google.com/open?id=1gCpKmI1_Jc-DW2B7ltgYzmbtLcPeGn_Y,
200,https://drive.google.com/open?id=15gDK2LK5a0kaiS3Ix-Ope_ZM9nKQOE7M,
201,https://drive.google.com/open?id=1RN-GElI9YrLE-u5lqIt4qLXlfAwTk3PB,
202,https://drive.google.com/open?id=1-5LsFqdFxKlCaH7AC9OFXlrf9jYLewpw,
203,https://drive.google.com/open?id=1c67uQlyu1jNL2TFHiR_qo66RYnthYlW6,
204,https://drive.google.com/open?id=1YMQn4CrHWbeK12gnplevTqP7f34SExzy,
205,https://drive.google.com/open?id=10RiPx-m8XEg5OCfSlqNko495A1DYoTk6,
206,https://drive.google.com/open?id=1QSsyj_Qa9vr-DGNX3w5TULMo1lFI8KVD,
207,https://drive.google.com/open?id=1PfP-2Q2Bg2fnieYwuMUQedR85scJsPi5,
208,https://drive.google.com/open?id=1sMzQUtpbgLVjdBf435mkBQ0Qn22GkZoP,
209,https://drive.google.com/open?id=1bumspkJP1B9oICWcJCxySFD0__fKZfcz,
210,https://drive.google.com/open?id=1EMRwKNnWjBQgHEGlfe_RGiZZXc4Lw_Xf,https://drive.google.com/open?id=1SLt4JOiksa1vuv-oPu_Hgd5HQxsloJVy
211,https://drive.google.com/open?id=1zwSMZfcb6oGnap4uLnlLmzwdIVdY8Y60,
212,https://drive.google.com/open?id=1YCQ66brf3tf-D4MUifUWAUT-g9Yx8oN0,
213,https://drive.google.com/open?id=1bXuPQt7wzJChc0wSp0jPdIcMrt6K79mo,"https://drive.google.com/open?id=1xuLsVA1beWJfFThhgFynf_EAeJknXvDU, https://drive.google.com/open?id=1V3cFcRyRLcRePvNSdy-VgqVNzrPLumc5"
214,https://drive.google.com/open?id=1tB_eQsOyHsPSKFaEOxTpEigQ2-YcIWPv,https://drive.google.com/open?id=1v7fc66AtIvRPvqe4RClYkf_AzMujHgpb
215,https://drive.google.com/open?id=1OpqOpQv5BG_YTf_UF_4lwNwkuLi_EhjX,
216,https://drive.google.com/open?id=18mpslCUGDaP80jzic7L-KyBcM5XSwh6e,
217,https://drive.google.com/open?id=1DG04-2pd_21YnTOVnYakI5Wbpisv5ImI,
218,https://drive.google.com/open?id=15NtdDnYAxxjD_W9JwrCEynqpf4Y7-bso,
219,https://drive.google.com/open?id=1vkGDIsICc5Oey9ud0HQxrzkcy63Lud1r,
220,https://drive.google.com/open?id=12-EQKhSxiOK4HHr1nCfguyRyV2whTt6h,
221,https://drive.google.com/open?id=1-I5yreVRU4L1Y0p_dzKJKWxvUZzSPmJI,
222,https://drive.google.com/open?id=1l19S1-20vYJ30K_iEZrMgfsVt6Mt-FBE,
223,https://drive.google.com/open?id=1gStdR691LMwHeuQtNZPHQ5kTQaR4tzai,"https://drive.google.com/open?id=12memJEuP3DOM0W7lkS-KtMEn7RdbhWHN, https://drive.google.com/open?id=1O-GV4xHhOzddGENuvauyThSYrGpr-MEG"
224,https://drive.google.com/open?id=1kr9f2spwLgvWdTaaKEUGrxYPUieYBSmo,
225,https://drive.google.com/open?id=1RNQwS-e_OHwPSrs6Uq3hZ3kItFk-5ezG,
226,https://drive.google.com/open?id=1zTK2MJ2yMmEzr2y5EbZTGlZ8LZ3dJGiJ,"https://drive.google.com/open?id=1O4cJTug13QlwpW46LJgonwrBcDC0bWGb, https://drive.google.com/open?id=1L17grNIUpn8j7oNlM2HMAHd4ikDdyYxU, https://drive.google.com/open?id=1lvCMIGJsWX6JzMzaTveP-xEJf_83Wkib, https://drive.google.com/open?id=18dDGEHpyrXLyjWa_O7CityCf4PMO19qW"
227,https://drive.google.com/open?id=1lPTWgyun6z18aEDbXSOi3tQwbAtLh3Ww,
228,https://drive.google.com/open?id=1hbwILxb3nSUj1nICTpPGCJZYmRewngn4,
229,https://drive.google.com/open?id=1pSSHOC7A2GF-PmKcaBWpIFpzs_po7xcq,
230,https://drive.google.com/open?id=159s88X71mZd1udi0rzRpaq0xz_biROHN,"https://drive.google.com/open?id=1eP1Lgm96P0oPHxvJZfVCmQnNtm0yvAlz, https://drive.google.com/open?id=1d8v8g4NaI5WTIgJPI31O6NG9wLE9r26_, https://drive.google.com/open?id=11Yk1iMtFEi-eWmChqcAG5yOfxlqeBVRZ"
